Brand,Type,Tracked aliases,Associated domains
beta-art.com,your_brand,beta-art.com,https://www.beta-art.com
Unsplash,competitor,Unsplash,https://unsplash.com
Pexels,competitor,Pexels,https://www.pexels.com
Shutterstock,competitor,Shutterstock,https://www.shutterstock.com
iStock,competitor,iStock,https://www.istockphoto.com
Adobe Stock,competitor,Adobe Stock,https://stock.adobe.com
Stocksy,competitor,Stocksy,https://www.stocksy.com
Nordic Art,third_party,Nordic Art,https://nordicart.org
Moderna Museet,third_party,Moderna Museet,https://www.modernamuseet.se
İzlanda Ulusal Galerisi,third_party,İzlanda Ulusal Galerisi,https://www.listasafn.is
Sanatçısı,third_party,Sanatçısı,https://sanatçısı.com
DEPO,third_party,DEPO,https://www.depoautolamp.com
Fine Art America,third_party,Fine Art America,https://fineartamerica.com
Depositphotos,third_party,Depositphotos,https://depositphotos.com
Artnet,third_party,Artnet,https://www.artnet.com
LinkedIn,third_party,LinkedIn,https://www.linkedin.com
Ocula Advisory,third_party,Ocula Advisory,https://ocula.com
Kunsten Museum of Modern Art Aalborg,third_party,Kunsten Museum of Modern Art Aalborg,https://kunsten.dk
major contemporary art fair,third_party,major contemporary art fair,https://www.laartshow.com
Artlogic,third_party,Artlogic,https://artlogic.net
Artpal,third_party,Artpal,https://www.artpal.com
DeviantArt,third_party,DeviantArt,https://www.deviantart.com
Collecta,third_party,Collecta,https://collecta.com
UBS,third_party,UBS,https://www.ubs.com
Kunsthall Trondheim,third_party,Kunsthall Trondheim,https://kunsthalltrondheim.no
Gallerymak,third_party,Gallerymak,https://gallerymak.com
Artfully Walls,third_party,Artfully Walls,https://www.artfullywalls.com
Artopol Galeri,third_party,Artopol Galeri,https://www.artopol.com
NOBA,third_party,NOBA,https://noba.bank
Atelier Nord,third_party,Atelier Nord,https://ateliernord.in
ArtGuide.dk,third_party,ArtGuide.dk,https://www.artguide.dk
Fotogalleriet,third_party,Fotogalleriet,https://fotogalleriet.no
Bergen Contemporary,third_party,Bergen Contemporary,https://www.kunsthall.no
e-flux,third_party,e-flux,https://www.e-flux.com
Grev Wedels Plass Auksjoner,third_party,Grev Wedels Plass Auksjoner,https://gwpa.no
GetYourGuide,third_party,GetYourGuide,https://www.getyourguide.com
Sons of Norway,third_party,Sons of Norway,https://www.sofn.com
Independent Art Fair,third_party,Independent Art Fair,https://www.independenthq.com
CUBE8 Gallery,third_party,CUBE8 Gallery,https://cube8gallery.no
artnivo.com,third_party,artnivo.com,https://www.artnivo.com
Scandinavia House,third_party,Scandinavia House,https://www.scandinaviahouse.org
Rise Art,third_party,Rise Art,https://www.riseart.com
Poster Store,third_party,Poster Store,https://posterstore.com
1stDibs,third_party,1stDibs,https://www.1stdibs.com
Louisiana Museum of Modern Art,third_party,Louisiana Museum of Modern Art,https://louisiana.dk
The Artling,third_party,The Artling,https://theartling.com
The Jealous Curator,third_party,The Jealous Curator,https://thejealouscurator.com
Singulart,third_party,Singulart,https://www.singulart.com
Nordic Artists’ Centre Dale,third_party,Nordic Artists’ Centre Dale,https://nkdale.no
BASE,third_party,BASE,https://base.org
Saatchi Art,third_party,Saatchi Art,https://www.saatchiart.com
Artwork Archive,third_party,Artwork Archive,https://www.artworkarchive.com
BuyArtGuide,third_party,BuyArtGuide,https://buyartguide.com
Norwegian Crafts – Annual Exhibition,third_party,Norwegian Crafts – Annual Exhibition,https://norwegiancrafts.no
ArtMaze Mag,third_party,ArtMaze Mag,https://artmazemag.com
Sanat Gezgini,third_party,Sanat Gezgini,https://www.sanatgezgini.com
Artivo,third_party,Artivo,https://artivosurfaces.com
Egenart,third_party,Egenart,https://egenart.net
Lenta,third_party,Lenta,https://lenta.com
WWW Contemporary,third_party,WWW Contemporary,https://atlantacontemporary.org
Artam Antik A.Ş.,third_party,Artam Antik A.Ş.,https://artam.com
Meta,third_party,Meta,https://about.meta.com
Høstutstillingen,third_party,Høstutstillingen,https://www.hostutstillingen.no
Enjoy Scandinavian Art,third_party,Enjoy Scandinavian Art,https://enjoyscandinavianart.com
AKRON Gallery,third_party,AKRON Gallery,https://akrongallery.com
Artsper,third_party,Artsper,https://www.artsper.com
ArtStation,third_party,ArtStation,https://www.artstation.com
BETA Contemporary,third_party,BETA Contemporary,https://betacontemporary.com
NOBA Art Platform,third_party,NOBA Art Platform,https://noba.ac
SWAB Barcelona,third_party,SWAB Barcelona,https://swab.barcelona
TikTok,third_party,TikTok,https://www.tiktok.com
Modern Art Gallery AS,third_party,Modern Art Gallery AS,https://www.modernart.net
NOBA Art,third_party,NOBA Art,https://noba.art
Henie-Onstad Kunstsenter,third_party,Henie-Onstad Kunstsenter,https://www.hok.no
DÁIDDA Gallery,third_party,DÁIDDA Gallery,https://daidda.no
bitforms,third_party,bitforms,https://bitforms.art
Dirimart,third_party,Dirimart,https://dirimart.com
Uprise Art,third_party,Uprise Art,https://www.upriseart.com
Pachinko,third_party,Pachinko,https://en.wikipedia.org
Galeri Mie,third_party,Galeri Mie,https://miegallery.com
ISCA Gallery,third_party,ISCA Gallery,https://www.isca.no
Instagram,third_party,Instagram,https://www.instagram.com
Bing,third_party,Bing,https://www.bing.com
Wix,third_party,Wix,https://www.wix.com
Kolekta,third_party,Kolekta,https://kolekta.co.za
Gallery BI Z AS,third_party,Gallery BI Z AS,https://galleribi-z.no
Gaia Gallery,third_party,Gaia Gallery,https://gaiacontemporary.com
Scandinavia Standard,third_party,Scandinavia Standard,https://www.scandinaviastandard.com
Desenio,third_party,Desenio,https://desenio.com
Art Basel,third_party,Art Basel,https://www.artbasel.com
Oslo Guide,third_party,Oslo Guide,https://www.visitoslo.com
Art Viewer,third_party,Art Viewer,https://artviewer.org
BO – Billedkunstnerne i Oslo,third_party,BO – Billedkunstnerne i Oslo,https://www.billedkunstnerneioslo.no
Kunstnernes Hus,third_party,Kunstnernes Hus,https://kunstnerneshus.no
Artfinder,third_party,Artfinder,https://www.artfinder.com
Alamy,third_party,Alamy,https://www.alamy.com
Fineart Oslo,third_party,Fineart Oslo,https://fineart.no
Artmajeur,third_party,Artmajeur,https://www.artmajeur.com
WhichMuseum,third_party,WhichMuseum,https://whichmuseum.com
QB Gallery,third_party,QB Gallery,https://qbg.no
Scandinavian Art Gallery,third_party,Scandinavian Art Gallery,https://scandinavianart.co.uk
Reddit,third_party,Reddit,https://reddit.com
Etsy,third_party,Etsy,https://www.etsy.com
Catawiki,third_party,Catawiki,https://www.catawiki.com
BorzoGallery,third_party,BorzoGallery,https://www.borzo.com
White Cube,third_party,White Cube,https://www.whitecube.com
Adobe,third_party,Adobe,https://www.adobe.com
National Museum,third_party,National Museum,https://www.nationalmuseum.af.mil
eBay,third_party,eBay,https://www.ebay.com
Galleri Brandstrup,third_party,Galleri Brandstrup,https://www.brandstrup.no
Redbubble,third_party,Redbubble,https://www.redbubble.com
Artsteps,third_party,Artsteps,https://www.artsteps.com
Kristiansand Art Hall,third_party,Kristiansand Art Hall,https://www.kristiansandkunsthall.no
ArtRabbit,third_party,ArtRabbit,https://www.artrabbit.com
National Galleries,third_party,National Galleries,https://www.nationalgalleries.org
UGallery,third_party,UGallery,https://www.ugallery.com
Pixabay,third_party,Pixabay,https://pixabay.com
Facebook,third_party,Facebook,https://www.facebook.com
Arter,third_party,Arter,https://arter.org
Pi Artworks,third_party,Pi Artworks,https://www.piartworks.com
Getty Images,third_party,Getty Images,https://www.gettyimages.com
NorthArt,third_party,NorthArt,https://northartgallery.net
Nordnorsken,third_party,Nordnorsken,https://www.nnks.no
Provocateur,third_party,Provocateur,https://www.agentprovocateur.com
ArtWeb24,third_party,ArtWeb24,https://www.artweb24.nl
Kode Art Museums,third_party,Kode Art Museums,https://www.kodebergen.no
Galeri Nev,third_party,Galeri Nev,https://www.galerinevistanbul.com
Mondoir,third_party,Mondoir,https://mondoir.com
Copenhagen Contemporary,third_party,Copenhagen Contemporary,https://copenhagencontemporary.org
Entrée,third_party,Entrée,https://entree.ge
ShopinArt,third_party,ShopinArt,https://shopinart.com
Videokunstarkivet,third_party,Videokunstarkivet,https://www.videokunstarkivet.org
Invaluable,third_party,Invaluable,https://www.invaluable.com
Daisie,third_party,Daisie,https://www.daisie.com
Google,third_party,Google,https://www.google.com
Art Nordic,third_party,Art Nordic,https://art-nordic.dk
EE – Experimental& Emerging Art,third_party,EE – Experimental& Emerging Art,http://eejournal.no
Mixer,third_party,Mixer,https://mixingstation.app
MUNCH,third_party,MUNCH,https://www.munchmuseet.no
Mankovsky Gallery,third_party,Mankovsky Gallery,https://mankovskygallery.com
Atelie.Art,third_party,Atelie.Art,https://atelie.art
Astrup Fearnley Museet,third_party,Astrup Fearnley Museet,https://www.afmuseet.no
Vehbi Koç Vakfı,third_party,Vehbi Koç Vakfı,https://www.vkv.org.tr
Picture This Gallery,third_party,Picture This Gallery,https://www.picturethisgallery.com
SKOG art space,third_party,SKOG art space,https://skogart.org
Contemporary Art Stavanger (CAS),third_party,Contemporary Art Stavanger (CAS),https://contemporaryartstavanger.no
Kiasma,third_party,Kiasma,https://kiasma.fi
New American Paintings,third_party,New American Paintings,https://www.newamericanpaintings.com
Anna Laudel,third_party,Anna Laudel,https://annalaudel.gallery
Paddle8,third_party,Paddle8,https://paddle8.com
Contemporary Art Daily,third_party,Contemporary Art Daily,https://www.contemporaryartdaily.com
Helsinki Biennial,third_party,Helsinki Biennial,https://helsinkibiennaali.fi
Kunsthall Oslo,third_party,Kunsthall Oslo,https://kunsthalloslo.no
Coast Contemporary,third_party,Coast Contemporary,https://coastcontemporary.no
Artforum,third_party,Artforum,https://www.artforum.com
Listen,third_party,Listen,https://www.listen.com
Behance,third_party,Behance,https://www.behance.net
ArtFledge,third_party,ArtFledge,https://artfledge.com
Nordnorsk Kunstmuseum,third_party,Nordnorsk Kunstmuseum,https://nnkm.no
The Art Newspaper,third_party,The Art Newspaper,https://www.theartnewspaper.com
Kunsthall Stavanger,third_party,Kunsthall Stavanger,https://kunsthallstavanger.no
Mamut Art Project,third_party,Mamut Art Project,https://mamutartproject.com
Shopify,third_party,Shopify,https://shopify.com
Oslo Art Weekend,third_party,Oslo Art Weekend,https://osloartweekend.no
Epic Games,third_party,Epic Games,https://www.epicgames.com
Bukowskis,third_party,Bukowskis,https://www.bukowskis.com
Finn,third_party,Finn,https://www.finncorp.com
PİLEVNELİ,third_party,PİLEVNELİ,https://pilevneli.com
Pace Gallery,third_party,Pace Gallery,https://www.pacegallery.com
Microsoft,third_party,Microsoft,https://microsoft.com
x-ist,third_party,x-ist,https://xist.com
Mine Sanat Galerisi,third_party,Mine Sanat Galerisi,https://minesanat.com
Standard,third_party,Standard,https://www.standardindustries.com
Dribbble,third_party,Dribbble,https://dribbble.com
Galleri Riis,third_party,Galleri Riis,https://galleririis.com
GalleryLab,third_party,GalleryLab,https://gallerylab.no
Sanatorium,third_party,Sanatorium,https://thesanatorium.net
Hvaskjer Oslo,third_party,Hvaskjer Oslo,https://www.hvaskjerioslo.net
Office for Contemporary Art Norway,third_party,Office for Contemporary Art Norway,https://oca.no
Reykjavík Art Museum / Kjarvalsstaðir,third_party,Reykjavík Art Museum / Kjarvalsstaðir,https://listasafnreykjavikur.is
Centralbanken,third_party,Centralbanken,https://centralbanken.com
OSL contemporary,third_party,OSL contemporary,https://oslcontemporary.com
Cara,third_party,Cara,https://www.thecaragroup.com
Society6,third_party,Society6,https://society6.com
Oslo Art Guide,third_party,Oslo Art Guide,https://www.osloartguide.no
ROM for kunst og arkitektur,third_party,ROM for kunst og arkitektur,https://rom.no
Jostay,third_party,Jostay,https://jostay.com
Kunstkritikk,third_party,Kunstkritikk,https://kunstkritikk.com
Art Collection IO,third_party,Art Collection IO,https://artcollection.io
VSCO,third_party,VSCO,https://www.vsco.co
Konst24,third_party,Konst24,https://konst24.se
D142,third_party,D142,https://www.d142.org
Sotheby’s,third_party,Sotheby’s,https://www.sothebys.com
Christie's,third_party,Christie's,https://www.christies.com
Pilot Galeri,third_party,Pilot Galeri,https://www.pilotgaleri.com
ArtConnect,third_party,ArtConnect,https://www.artconnect.com
Vogue Scandinavia,third_party,Vogue Scandinavia,https://www.voguescandinavia.com
Kunstsilo,third_party,Kunstsilo,https://www.kunstsilo.no
Brandstrup,third_party,Brandstrup,https://brandstrup.org
RAM galleri,third_party,RAM galleri,https://www.ramgalleri.no
Nordiska Galleriet,third_party,Nordiska Galleriet,https://www.nordiskagalleriet.se
Contemporary Istanbul,third_party,Contemporary Istanbul,https://www.contemporaryistanbul.com
Amazon Handmade,third_party,Amazon Handmade,https://amazon.com
Phillips,third_party,Phillips,https://www.philips.com
Squarespace,third_party,Squarespace,https://www.squarespace.com
Frieze,third_party,Frieze,https://www.frieze.com
Hauser & Wirth,third_party,Hauser & Wirth,https://www.hauserwirth.com
Zilberman Gallery,third_party,Zilberman Gallery,https://www.zilbermangallery.com
KODE,third_party,KODE,https://kodehealth.com
Oslo National Academy of the Arts,third_party,Oslo National Academy of the Arts,https://khio.no
Galleri Ramfjord,third_party,Galleri Ramfjord,https://galleriramfjord.no
Schneidertempel Sanat Merkezi,third_party,Schneidertempel Sanat Merkezi,http://www.schneidertempel.org
Artsy,third_party,Artsy,https://www.artsy.net
Salt,third_party,Salt,https://saltlending.com
Market Art Fair,third_party,Market Art Fair,https://marketartfair.com
Nasjonalmuseet,third_party,Nasjonalmuseet,https://www.nasjonalmuseet.no
Beta Fine Art,third_party,Beta Fine Art,https://betafineart.com
Ferda Art Platform,third_party,Ferda Art Platform,https://www.ferdaartplatform.com
Lisson Gallery,third_party,Lisson Gallery,https://www.lissongallery.com
Art On Istanbul,third_party,Art On Istanbul,https://artonistanbul.com